[
  {
    "provinciaId":1,
    "nombre":"Santo Domingo de Guzmán"
  },
  {
    "provinciaId":2,
    "nombre":"Azua"
  },
  {
    "provinciaId":2,
    "nombre":"Las Charcas"
  },
  {
    "provinciaId":2,
    "nombre":"Las Yayas de Viajama"
  },
  {
    "provinciaId":2,
    "nombre":"Padre Las Casas"
  },
  {
    "provinciaId":2,
    "nombre":"Peralta"
  },
  {
    "provinciaId":2,
    "nombre":"Sabana Yegua"
  },
  {
    "provinciaId":2,
    "nombre":"Pueblo Viejo"
  },
  {
    "provinciaId":2,
    "nombre":"Tábara Arriba"
  },
  {
    "provinciaId":2,
    "nombre":"Guayabal"
  },
  {
    "provinciaId":2,
    "nombre":"Estebanía"
  },
  {
    "provinciaId":3,
    "nombre":"Neiba"
  },
  {
    "provinciaId":3,
    "nombre":"Galván"
  },
  {
    "provinciaId":3,
    "nombre":"Tamayo"
  },
  {
    "provinciaId":3,
    "nombre":"Villa Jaragua"
  },
  {
    "provinciaId":3,
    "nombre":"Los Ríos"
  },
  {
    "provinciaId":4,
    "nombre":"Barahona"
  },
  {
    "provinciaId":4,
    "nombre":"Cabral"
  },
  {
    "provinciaId":4,
    "nombre":"Enriquillo"
  },
  {
    "provinciaId":4,
    "nombre":"Paraíso"
  },
  {
    "provinciaId":4,
    "nombre":"Vicente Noble"
  },
  {
    "provinciaId":4,
    "nombre":"El Peñón"
  },
  {
    "provinciaId":4,
    "nombre":"La Ciénaga"
  },
  {
    "provinciaId":4,
    "nombre":"Fundación"
  },
  {
    "provinciaId":4,
    "nombre":"Las Salinas"
  },
  {
    "provinciaId":4,
    "nombre":"Polo"
  },
  {
    "provinciaId":4,
    "nombre":"Jaquimeyes"
  },
  {
    "provinciaId":5,
    "nombre":"Dajabón"
  },
  {
    "provinciaId":5,
    "nombre":"Loma de Cabrera"
  },
  {
    "provinciaId":5,
    "nombre":"Partido"
  },
  {
    "provinciaId":5,
    "nombre":"Restauración"
  },
  {
    "provinciaId":5,
    "nombre":"El Pino"
  },
  {
    "provinciaId":6,
    "nombre":"San Francisco de Macorís"
  },
  {
    "provinciaId":6,
    "nombre":"Arenoso"
  },
  {
    "provinciaId":6,
    "nombre":"Castillo"
  },
  {
    "provinciaId":6,
    "nombre":"Pimentel"
  },
  {
    "provinciaId":6,
    "nombre":"Villa Riva"
  },
  {
    "provinciaId":6,
    "nombre":"Las Guáranas"
  },
  {
    "provinciaId":6,
    "nombre":"Eugenio María de Hostos"
  },
  {
    "provinciaId":7,
    "nombre":"Comendador"
  },
  {
    "provinciaId":7,
    "nombre":"Bánica"
  },
  {
    "provinciaId":7,
    "nombre":"El Llano"
  },
  {
    "provinciaId":7,
    "nombre":"Hondo Valle"
  },
  {
    "provinciaId":7,
    "nombre":"Pedro Santana"
  },
  {
    "provinciaId":7,
    "nombre":"Juan Santiago"
  },
  {
    "provinciaId":8,
    "nombre":"El Seibo"
  },
  {
    "provinciaId":8,
    "nombre":"Miches"
  },
  {
    "provinciaId":9,
    "nombre":"Moca"
  },
  {
    "provinciaId":9,
    "nombre":"Cayetano Germosén"
  },
  {
    "provinciaId":9,
    "nombre":"Gaspar Hernández"
  },
  {
    "provinciaId":9,
    "nombre":"Jamao Al Norte"
  },
  {
    "provinciaId":9,
    "nombre":"San Víctor "
  },
  {
    "provinciaId":10,
    "nombre":"Jimaní"
  },
  {
    "provinciaId":10,
    "nombre":"Duvergé"
  },
  {
    "provinciaId":10,
    "nombre":"La Descubierta"
  },
  {
    "provinciaId":10,
    "nombre":"Postrer Río"
  },
  {
    "provinciaId":10,
    "nombre":"Cristóbal"
  },
  {
    "provinciaId":10,
    "nombre":"Mella"
  },
  {
    "provinciaId":11,
    "nombre":"Higüey"
  },
  {
    "provinciaId":11,
    "nombre":"San Rafael del Yuma"
  },
  {
    "provinciaId":12,
    "nombre":"La Romana"
  },
  {
    "provinciaId":12,
    "nombre":"Guaymate"
  },
  {
    "provinciaId":12,
    "nombre":"Villa Hermosa"
  },
  {
    "provinciaId":13,
    "nombre":"La Vega"
  },
  {
    "provinciaId":13,
    "nombre":"Constanza"
  },
  {
    "provinciaId":13,
    "nombre":"Jarabacoa"
  },
  {
    "provinciaId":13,
    "nombre":"Jima Abajo"
  },
  {
    "provinciaId":14,
    "nombre":"Nagua"
  },
  {
    "provinciaId":14,
    "nombre":"Cabrera"
  },
  {
    "provinciaId":14,
    "nombre":"El Factor"
  },
  {
    "provinciaId":14,
    "nombre":"Río San Juan"
  },
  {
    "provinciaId":15,
    "nombre":"Monte Cristi"
  },
  {
    "provinciaId":15,
    "nombre":"Castañuelas"
  },
  {
    "provinciaId":15,
    "nombre":"Guayubín"
  },
  {
    "provinciaId":15,
    "nombre":"Las Matas de Santa Cruz"
  },
  {
    "provinciaId":15,
    "nombre":"Pepillo Salcedo"
  },
  {
    "provinciaId":15,
    "nombre":"Villa Vásquez"
  },
  {
    "provinciaId":16,
    "nombre":"Pedernales"
  },
  {
    "provinciaId":16,
    "nombre":"Oviedo"
  },
  {
    "provinciaId":17,
    "nombre":"Baní"
  },
  {
    "provinciaId":17,
    "nombre":"Nizao"
  },
  {
    "provinciaId":17,
    "nombre":"Matanzas"
  },
  {
    "provinciaId":18,
    "nombre":"Puerto Plata"
  },
  {
    "provinciaId":18,
    "nombre":"Altamira"
  },
  {
    "provinciaId":18,
    "nombre":"Guananico"
  },
  {
    "provinciaId":18,
    "nombre":"Imbert"
  },
  {
    "provinciaId":18,
    "nombre":"Los Hidalgos"
  },
  {
    "provinciaId":18,
    "nombre":"Luperón"
  },
  {
    "provinciaId":18,
    "nombre":"Sosúa"
  },
  {
    "provinciaId":18,
    "nombre":"Villa Isabela"
  },
  {
    "provinciaId":18,
    "nombre":"Villa Montellano"
  },
  {
    "provinciaId":19,
    "nombre":"Salcedo"
  },
  {
    "provinciaId":19,
    "nombre":"Tenares"
  },
  {
    "provinciaId":19,
    "nombre":"Villa Tapia"
  },
  {
    "provinciaId":20,
    "nombre":"Samaná"
  },
  {
    "provinciaId":20,
    "nombre":"Sánchez"
  },
  {
    "provinciaId":20,
    "nombre":"Las Terrenas"
  },
  {
    "provinciaId":21,
    "nombre":"San Cristóbal"
  },
  {
    "provinciaId":21,
    "nombre":"Sabana Grande de Palenque"
  },
  {
    "provinciaId":21,
    "nombre":"Bajos de Haina"
  },
  {
    "provinciaId":21,
    "nombre":"Cambita Garabitos"
  },
  {
    "provinciaId":21,
    "nombre":"Villa Altagracia"
  },
  {
    "provinciaId":21,
    "nombre":"Yaguate"
  },
  {
    "provinciaId":21,
    "nombre":"San Gregorio de Nigua"
  },
  {
    "provinciaId":21,
    "nombre":"Los Cacaos"
  },
  {
    "provinciaId":22,
    "nombre":"San Juan"
  },
  {
    "provinciaId":22,
    "nombre":"Bohechío"
  },
  {
    "provinciaId":22,
    "nombre":"El Cercado"
  },
  {
    "provinciaId":22,
    "nombre":"Juan de Herrera"
  },
  {
    "provinciaId":22,
    "nombre":"Las Matas de Farfán"
  },
  {
    "provinciaId":22,
    "nombre":"Vallejuelo"
  },
  {
    "provinciaId":23,
    "nombre":"San Pedro de Macorís"
  },
  {
    "provinciaId":23,
    "nombre":"Los Llanos"
  },
  {
    "provinciaId":23,
    "nombre":"Ramón Santana"
  },
  {
    "provinciaId":23,
    "nombre":"Consuelo"
  },
  {
    "provinciaId":23,
    "nombre":"Quisqueya"
  },
  {
    "provinciaId":23,
    "nombre":"Guayacanes"
  },
  {
    "provinciaId":24,
    "nombre":"Cotuí"
  },
  {
    "provinciaId":24,
    "nombre":"Cevicos"
  },
  {
    "provinciaId":24,
    "nombre":"Fantino"
  },
  {
    "provinciaId":24,
    "nombre":"Villa La Mata"
  },
  {
    "provinciaId":25,
    "nombre":"Santiago"
  },
  {
    "provinciaId":25,
    "nombre":"Bisonó"
  },
  {
    "provinciaId":25,
    "nombre":"Jánico"
  },
  {
    "provinciaId":25,
    "nombre":"Licey al Medio"
  },
  {
    "provinciaId":25,
    "nombre":"San José de Las Matas"
  },
  {
    "provinciaId":25,
    "nombre":"Tamboril"
  },
  {
    "provinciaId":25,
    "nombre":"Villa González"
  },
  {
    "provinciaId":25,
    "nombre":"Puñal"
  },
  {
    "provinciaId":25,
    "nombre":"Sabana Iglesia "
  },
  {
    "provinciaId":25,
    "nombre":"Baitoa"
  },
  {
    "provinciaId":26,
    "nombre":"San Ignacio de Sabaneta"
  },
  {
    "provinciaId":26,
    "nombre":"Villa Los Almácigos"
  },
  {
    "provinciaId":26,
    "nombre":"Monción"
  },
  {
    "provinciaId":27,
    "nombre":"Mao"
  },
  {
    "provinciaId":27,
    "nombre":"Esperanza"
  },
  {
    "provinciaId":27,
    "nombre":"Laguna Salada"
  },
  {
    "provinciaId":28,
    "nombre":"Bonao"
  },
  {
    "provinciaId":28,
    "nombre":"Maimón"
  },
  {
    "provinciaId":28,
    "nombre":"Piedra Blanca"
  },
  {
    "provinciaId":29,
    "nombre":"Monte Plata"
  },
  {
    "provinciaId":29,
    "nombre":"Bayaguana"
  },
  {
    "provinciaId":29,
    "nombre":"Sabana Grande de Boyá"
  },
  {
    "provinciaId":29,
    "nombre":"Yamasá"
  },
  {
    "provinciaId":29,
    "nombre":"Peralvillo"
  },
  {
    "provinciaId":30,
    "nombre":"Hato Mayor"
  },
  {
    "provinciaId":30,
    "nombre":"Sabana de La Mar"
  },
  {
    "provinciaId":30,
    "nombre":"El Valle"
  },
  {
    "provinciaId":31,
    "nombre":"San José de Ocoa"
  },
  {
    "provinciaId":31,
    "nombre":"Sabana Larga"
  },
  {
    "provinciaId":31,
    "nombre":"Rancho Arriba"
  },
  {
    "provinciaId":32,
    "nombre":"Santo Domingo Este"
  },
  {
    "provinciaId":32,
    "nombre":"Santo Domingo Oeste"
  },
  {
    "provinciaId":32,
    "nombre":"Santo Domingo Norte"
  },
  {
    "provinciaId":32,
    "nombre":"Boca Chica"
  },
  {
    "provinciaId":32,
    "nombre":"San Antonio de Guerra"
  },
  {
    "provinciaId":32,
    "nombre":"Los Alcarrizos"
  },
  {
    "provinciaId":32,
    "nombre":"Pedro Brand"
  }
]